trade_id,date,ticker,shares,price_paid
1,2026-04-07,AAPL,10,253.5
2,2026-04-07,MSFT,5,372.29
3,2026-04-14,NVDA,20,196.51
4,2026-04-21,AMZN,8,249.91
5,2026-04-28,META,3,671.34
6,2026-05-05,GOOGL,12,388.43
7,2026-05-12,AAPL,5,294.8
8,2026-05-19,NVDA,15,220.61
9,2026-05-27,MSFT,4,412.67
10,2026-06-03,AMZN,10,250.02
11,2026-06-10,META,2,570.98
12,2026-06-17,GOOGL,8,363.79
13,2026-06-24,AAPL,8,293.08
14,2026-07-08,NVDA,25,204.12
15,2026-07-15,MSFT,6,395.63
16,2026-07-22,AMZN,6,244.85
17,2026-08-05,META,4,588.77
18,2026-08-12,GOOGL,10,343.54
19,2026-08-19,AAPL,6,316.83
20,2026-09-02,NVDA,10,224.41
